[
      {"genre":"classical","id":"101.mp3","melodious":3,"metrum":"2\/2","harmonic_complexity":"5","dynamics":6,"BPM":"55","consonance":"4","tempo":2,"RGB":[110,221,76],"rythm":4,"mode":"2"},
      {"genre":"classical","id":"103.mp3","melodious":2,"metrum":"4\/4","harmonic_complexity":"2","dynamics":6,"BPM":"157","consonance":"6","tempo":6,"RGB":[174,153,94],"rythm":3,"mode":"1"},
      {"genre":"classical","id":"104.mp3","melodious":2,"metrum":"3\/4","harmonic_complexity":"6","dynamics":5,"BPM":"138","consonance":"6","tempo":5,"RGB":[181,190,85],"rythm":2,"mode":"3"},
      {"genre":"classical","id":"107.mp3","melodious":3,"metrum":"4\/4","harmonic_complexity":"2","dynamics":6,"BPM":"128","consonance":"6","tempo":4,"RGB":[123,226,65],"rythm":6,"mode":"1"},
      {"genre":"classical","id":"109.mp3","melodious":5,"metrum":"4\/4","harmonic_complexity":"6","dynamics":6,"BPM":"120","consonance":"3","tempo":5,"RGB":[72,241,148],"rythm":7,"mode":"2"},
      {"genre":"classical","id":"110.mp3","melodious":1,"metrum":"undefined","harmonic_complexity":"6","dynamics":2,"BPM":"undefined","consonance":"2","tempo":1,"RGB":[131,150,108],"rythm":1,"mode":"3"},
      {"genre":"classical\/electronic","id":"113.mp3","melodious":3,"metrum":"4\/4","harmonic_complexity":"6","dynamics":4,"BPM":"115","consonance":"2","tempo":4,"RGB":[102,221,152],"rythm":7,"mode":"2"},
      {"genre":"electronic","id":"115.mp3","melodious":1,"metrum":"4\/4","harmonic_complexity":"7","dynamics":3,"BPM":"118","consonance":"1","tempo":1,"RGB":[127,185,113],"rythm":1,"mode":"4"},
      {"genre":"jazz","id":"121.mp3","melodious":7,"metrum":"10\/8 (3+3+2+2)","harmonic_complexity":"2","dynamics":3,"BPM":"3712105","consonance":"6","tempo":4,"RGB":[130,254,66],"rythm":7,"mode":"7"},
      {"genre":"folk","id":"123.mp3","melodious":7,"metrum":"4\/4","harmonic_complexity":"1","dynamics":6,"BPM":"126","consonance":"7","tempo":6,"RGB":[153,255,39],"rythm":7,"mode":"7"},
      {"genre":"classical\/jazz","id":"124.mp3","melodious":6,"metrum":"4\/4","harmonic_complexity":"2","dynamics":6,"BPM":"119","consonance":"6","tempo":6,"RGB":[149,255,52],"rythm":7,"mode":"7"},
      {"genre":"classical","id":"126.mp3","melodious":7,"metrum":"3\/4","harmonic_complexity":"6","dynamics":2,"BPM":"122","consonance":"2","tempo":3,"RGB":[89,250,121],"rythm":5,"mode":"6"},
      {"genre":"classical","id":"127.mp3","melodious":7,"metrum":"4\/4","harmonic_complexity":"2","dynamics":3,"BPM":"119","consonance":"7","tempo":5,"RGB":[69,255,93],"rythm":7,"mode":"1"},
      {"genre":"easy listening","id":"128.mp3","melodious":6,"metrum":"4\/4","harmonic_complexity":"1","dynamics":2,"BPM":"59","consonance":"7","tempo":2,"RGB":[89,255,150],"rythm":4,"mode":"7"},
      {"genre":"easy listening","id":"129.mp3","melodious":7,"metrum":"4\/4","harmonic_complexity":"1","dynamics":2,"BPM":"85","consonance":"7","tempo":3,"RGB":[81,255,158],"rythm":3,"mode":"7"},
      {"genre":"classical","id":"130.mp3","melodious":2,"metrum":"undefined","harmonic_complexity":"3","dynamics":2,"BPM":"undefined","consonance":"5","tempo":1,"RGB":[68,255,199],"rythm":1,"mode":"7"},
      {"genre":"classical","id":"132.mp3","melodious":6,"metrum":"undefined","harmonic_complexity":"5","dynamics":3,"BPM":"60","consonance":"5","tempo":2,"RGB":[95,225,173],"rythm":2,"mode":"2"},
      {"genre":"classical","id":"133.mp3","melodious":4,"metrum":"4\/4","harmonic_complexity":"1","dynamics":2,"BPM":"88","consonance":"7","tempo":3,"RGB":[106,227,187],"rythm":4,"mode":"1"},
      {"genre":"classical","id":"135.mp3","melodious":7,"metrum":"4\/4","harmonic_complexity":"3","dynamics":5,"BPM":"60","consonance":"6","tempo":2,"RGB":[72,249,210],"rythm":4,"mode":"1"},
      {"genre":"jazz","id":"136.mp3","melodious":7,"metrum":"4\/4","harmonic_complexity":"5","dynamics":1,"BPM":"75","consonance":"3","tempo":1,"RGB":[115,222,159],"rythm":2,"mode":"5"},
      {"genre":"easy listening","id":"139.mp3","melodious":5,"metrum":"3\/4","harmonic_complexity":"4","dynamics":2,"BPM":"85","consonance":"6","tempo":2,"RGB":[106,243,255],"rythm":3,"mode":"3"},
      {"genre":"easy listening","id":"140.mp3","melodious":7,"metrum":"3\/4 + 2\/4","harmonic_complexity":"3","dynamics":2,"BPM":"62","consonance":"6","tempo":2,"RGB":[99,249,219],"rythm":2,"mode":"5"},
      {"genre":"easy listening","id":"141.mp3","melodious":7,"metrum":"4\/4","harmonic_complexity":"4","dynamics":3,"BPM":"80","consonance":"6","tempo":3,"RGB":[88,251,173],"rythm":5,"mode":"6"},
      {"genre":"classical","id":"142.mp3","melodious":6,"metrum":"12\/8","harmonic_complexity":"2","dynamics":2,"BPM":"50","consonance":"6","tempo":3,"RGB":[113,252,196],"rythm":3,"mode":"7"},
      {"genre":"easy listening","id":"143.mp3","melodious":6,"metrum":"6\/8","harmonic_complexity":"2","dynamics":2,"BPM":"47","consonance":"6","tempo":2,"RGB":[117,255,145],"rythm":4,"mode":"7"},
      {"genre":"easy listening","id":"145.mp3","melodious":4,"metrum":"4\/4","harmonic_complexity":"3","dynamics":3,"BPM":"64","consonance":"6","tempo":2,"RGB":[95,251,135],"rythm":3,"mode":"6"},
      {"genre":"easy listening","id":"147.mp3","melodious":4,"metrum":"4\/4","harmonic_complexity":"2","dynamics":4,"BPM":"65","consonance":"7","tempo":4,"RGB":[85,255,168],"rythm":4,"mode":"7"},
      {"genre":"easy listening","id":"148.mp3","melodious":3,"metrum":"mostly 3\/4","harmonic_complexity":"5","dynamics":2,"BPM":"80","consonance":"6","tempo":3,"RGB":[118,255,221],"rythm":4,"mode":"4"},
      {"genre":"easy listening","id":"149.mp3","melodious":6,"metrum":"4\/4","harmonic_complexity":"2","dynamics":4,"BPM":"110","consonance":"6","tempo":5,"RGB":[96,255,158],"rythm":6,"mode":"7"},
      {"genre":"classical","id":"152.mp3","melodious":7,"metrum":"4\/4","harmonic_complexity":"3","dynamics":3,"BPM":"117","consonance":"6","tempo":5,"RGB":[89,252,243],"rythm":6,"mode":"3"},
      {"genre":"new age","id":"153.mp3","melodious":1,"metrum":"4\/4","harmonic_complexity":"2","dynamics":2,"BPM":"138","consonance":"6","tempo":5,"RGB":[82,255,138],"rythm":3,"mode":"7"},
      {"genre":"classical","id":"154.mp3","melodious":6,"metrum":"undefined","harmonic_complexity":"5","dynamics":3,"BPM":"145","consonance":"4","tempo":6,"RGB":[113,252,246],"rythm":4,"mode":"2"},
      {"genre":"classical","id":"155.mp3","melodious":7,"metrum":"4\/4","harmonic_complexity":"2","dynamics":6,"BPM":"104","consonance":"7","tempo":3,"RGB":[53,255,147],"rythm":5,"mode":"7"},
      {"genre":"classical\/jazz","id":"156.mp3","melodious":5,"metrum":"4\/4","harmonic_complexity":"6","dynamics":4,"BPM":"89","consonance":"3","tempo":4,"RGB":[67,255,179],"rythm":5,"mode":"6"},
      {"genre":"classical","id":"157.mp3","melodious":5,"metrum":"4\/4","harmonic_complexity":"4","dynamics":5,"BPM":"80","consonance":"2","tempo":3,"RGB":[81,255,62],"rythm":3,"mode":"6"},
      {"genre":"classical","id":"158.mp3","melodious":6,"metrum":"3\/4","harmonic_complexity":"6","dynamics":3,"BPM":"80","consonance":"6","tempo":3,"RGB":[123,241,221],"rythm":3,"mode":"5"},
      {"genre":"jazz","id":"161.mp3","melodious":5,"metrum":"4\/4","harmonic_complexity":"6","dynamics":5,"BPM":"106","consonance":"5","tempo":4,"RGB":[86,247,174],"rythm":5,"mode":"2"},
      {"genre":"classical","id":"162.mp3","melodious":2,"metrum":"4\/4","harmonic_complexity":"7","dynamics":3,"BPM":"73","consonance":"2","tempo":3,"RGB":[153,186,124],"rythm":2,"mode":"3"},
      {"genre":"electronic","id":"164.mp3","melodious":1,"metrum":"4\/4","harmonic_complexity":"7","dynamics":3,"BPM":"70","consonance":"1","tempo":2,"RGB":[122,228,161],"rythm":1,"mode":"atonal"},
      {"genre":"alternative\/contemporary","id":"165.mp3","melodious":3,"metrum":"3\/4","harmonic_complexity":"5","dynamics":4,"BPM":"109","consonance":"5","tempo":2,"RGB":[105,228,127],"rythm":3,"mode":"2"},
      {"genre":"classical\/contemporary","id":"166.mp3","melodious":4,"metrum":"4\/4 + 2\/4","harmonic_complexity":"6","dynamics":5,"BPM":"107","consonance":"6","tempo":4,"RGB":[122,196,103],"rythm":3,"mode":"4"},
      {"genre":"classical\/contemporary","id":"168.mp3","melodious":2,"metrum":"3\/4","harmonic_complexity":"7","dynamics":4,"BPM":"165","consonance":"1","tempo":5,"RGB":[134,164,116],"rythm":2,"mode":"5"},
      {"genre":"classical\/contemporary","id":"169.mp3","melodious":5,"metrum":"4\/4","harmonic_complexity":"6","dynamics":6,"BPM":"66","consonance":"4","tempo":3,"RGB":[152,162,92],"rythm":3,"mode":"2"},
      {"genre":"classical\/contemporary","id":"170.mp3","melodious":2,"metrum":"undefined","harmonic_complexity":"7","dynamics":2,"BPM":"77","consonance":"1","tempo":1,"RGB":[108,199,117],"rythm":1,"mode":"atonal"},
      {"genre":"classical","id":"171.mp3","melodious":7,"metrum":"4\/4","harmonic_complexity":"3","dynamics":5,"BPM":"96","consonance":"7","tempo":5,"RGB":[63,255,26],"rythm":7,"mode":"7"},
      {"genre":"classical","id":"173.mp3","melodious":3,"metrum":"undefined\/asymmetrical ","harmonic_complexity":"3","dynamics":5,"BPM":"135","consonance":"6","tempo":7,"RGB":[50,250,118],"rythm":5,"mode":"7"},
      {"genre":"jazz","id":"177.mp3","melodious":6,"metrum":"4\/4","harmonic_complexity":"4","dynamics":2,"BPM":"95","consonance":"3","tempo":2,"RGB":[96,250,93],"rythm":6,"mode":"6"},
      {"genre":"classical","id":"180.mp3","melodious":7,"metrum":"4\/4","harmonic_complexity":"5","dynamics":3,"BPM":"106","consonance":"3","tempo":3,"RGB":[88,248,120],"rythm":7,"mode":"2"},
      {"genre":"classical","id":"181.mp3","melodious":7,"metrum":"4\/4","harmonic_complexity":"5","dynamics":2,"BPM":"93","consonance":"4","tempo":3,"RGB":[102,240,179],"rythm":3,"mode":"1"},
      {"genre":"classical","id":"184.mp3","melodious":6,"metrum":"5\/4","harmonic_complexity":"2","dynamics":1,"BPM":"64","consonance":"5","tempo":1,"RGB":[129,229,202],"rythm":2,"mode":"1"},
      {"genre":"classical","id":"187.mp3","melodious":6,"metrum":"3\/4","harmonic_complexity":"2","dynamics":2,"BPM":"81","consonance":"6","tempo":2,"RGB":[113,253,187],"rythm":2,"mode":"1"},
      {"genre":"classical","id":"188.mp3","melodious":7,"metrum":"3\/4","harmonic_complexity":"6","dynamics":1,"BPM":"66","consonance":"5","tempo":2,"RGB":[109,238,223],"rythm":3,"mode":"2"},
      {"genre":"classical","id":"190.mp3","melodious":5,"metrum":"4\/4","harmonic_complexity":"6","dynamics":1,"BPM":"76","consonance":"3","tempo":1,"RGB":[105,231,202],"rythm":3,"mode":"3"},
      {"genre":"classical\/contemporary","id":"194.mp3","melodious":4,"metrum":"4\/4","harmonic_complexity":"7","dynamics":5,"BPM":"79","consonance":"1","tempo":3,"RGB":[142,164,110],"rythm":5,"mode":"4"},
      {"genre":"classical","id":"196.mp3","melodious":3,"metrum":"4\/4","harmonic_complexity":"3","dynamics":4,"BPM":"78","consonance":"5","tempo":3,"RGB":[100,227,197],"rythm":3,"mode":"1"},
      {"genre":"vocal-instrumental\/contemporary","id":"197.mp3","melodious":2,"metrum":"4\/4","harmonic_complexity":"2","dynamics":4,"BPM":"98","consonance":"7","tempo":4,"RGB":[86,233,156],"rythm":5,"mode":"7"},
      {"genre":"classical\/contemporary","id":"198.mp3","melodious":3,"metrum":"mostly3\/4","harmonic_complexity":"7","dynamics":3,"BPM":"122","consonance":"1","tempo":4,"RGB":[98,218,251],"rythm":3,"mode":"4"},
      {"genre":"classical","id":"199.mp3","melodious":7,"metrum":"2\/2","harmonic_complexity":"2","dynamics":3,"BPM":"45","consonance":"5","tempo":1,"RGB":[111,225,101],"rythm":5,"mode":"1"},
      {"genre":"classical","id":"202.mp3","melodious":2,"metrum":"4\/4","harmonic_complexity":"2","dynamics":2,"BPM":"92","consonance":"6","tempo":5,"RGB":[119,249,176],"rythm":2,"mode":"6"},
      {"genre":"new age","id":"203.mp3","melodious":5,"metrum":"4\/4","harmonic_complexity":"6","dynamics":3,"BPM":"84","consonance":"2","tempo":4,"RGB":[103,250,165],"rythm":2,"mode":"2"},
      {"genre":"new age","id":"204.mp3","melodious":7,"metrum":"4\/4","harmonic_complexity":"2","dynamics":2,"BPM":"60","consonance":"4","tempo":2,"RGB":[89,249,144],"rythm":2,"mode":"1"},
      {"genre":"country\/folk","id":"205.mp3","melodious":7,"metrum":"4\/4","harmonic_complexity":"1","dynamics":6,"BPM":"118","consonance":"7","tempo":6,"RGB":[54,255,48],"rythm":7,"mode":"7"},
      {"genre":"classical","id":"207.mp3","melodious":7,"metrum":"4\/4","harmonic_complexity":"2","dynamics":3,"BPM":"60","consonance":"7","tempo":2,"RGB":[91,250,181],"rythm":4,"mode":"7"},
      {"genre":"easy listening","id":"208.mp3","melodious":2,"metrum":"9\/8 (2+2+2+3)","harmonic_complexity":"1","dynamics":2,"BPM":"2107371","consonance":"7","tempo":4,"RGB":[121,251,192],"rythm":2,"mode":"1"},
      {"genre":"classical","id":"209.mp3","melodious":2,"metrum":"3\/4","harmonic_complexity":"4","dynamics":1,"BPM":"45","consonance":"4","tempo":1,"RGB":[102,255,229],"rythm":2,"mode":"1"},
      {"genre":"classical","id":"210.mp3","melodious":5,"metrum":"4\/4","harmonic_complexity":"2","dynamics":2,"BPM":"81","consonance":"6","tempo":3,"RGB":[102,255,201],"rythm":4,"mode":"7"},
      {"genre":"classical","id":"221.mp3","melodious":6,"metrum":"4\/4","harmonic_complexity":"7","dynamics":7,"BPM":"125","consonance":"7","tempo":6,"RGB":[159,135,87],"rythm":7,"mode":"2"},
      {"genre":"classical\/contemporary","id":"242.mp3","melodious":2,"metrum":"4\/4","harmonic_complexity":"6","dynamics":6,"BPM":"96","consonance":"3","tempo":5,"RGB":[152,206,83],"rythm":6,"mode":"2"},
      {"genre":"classical","id":"267.m3","melodious":6,"metrum":"3\/4","harmonic_complexity":"3","dynamics":5,"BPM":"160","consonance":"6","tempo":5,"rythm":7,"mode":"2"},
      {"genre":"classical","id":"285.mp3","melodious":6,"metrum":"3\/4","harmonic_complexity":"6","dynamics":3,"BPM":"54","consonance":"5","tempo":2,"RGB":[79,255,89],"rythm":2,"mode":"6"},
      {"genre":"easy listening","id":"294.mp3","melodious":6,"metrum":"4\/4","harmonic_complexity":"2","dynamics":3,"BPM":"50","consonance":"6","tempo":3,"RGB":[111,248,179],"rythm":3,"mode":"7"},
      {"genre":"jazz\/electronic","id":"347.mp3","melodious":7,"metrum":"4\/4","harmonic_complexity":"4","dynamics":6,"BPM":"138","consonance":"3","tempo":5,"RGB":[51,255,88],"rythm":7,"mode":"1"},
      {"genre":"Electronic \/ orchestral","id":"367.mp3","melodious":2,"metrum":"4\/4","harmonic_complexity":"7","dynamics":5,"BPM":"95","consonance":"1","tempo":4,"RGB":[187,194,105],"rythm":6,"mode":"2"},
      {"genre":"classical","id":"398.mp3","melodious":6,"metrum":"4\/4","harmonic_complexity":"2","dynamics":2,"BPM":"60","consonance":"6","tempo":2,"RGB":[108,247,234],"rythm":4,"mode":"1"},
      {"genre":"march band\/folk","id":"401.mp3","melodious":5,"metrum":"4\/4","harmonic_complexity":"1","dynamics":7,"BPM":"108","consonance":"7 with imprecise pitch","tempo":5,"RGB":[70,255,209],"rythm":6,"mode":"7"},
      {"genre":"folk","id":"402.mp3","melodious":3,"metrum":"4\/4","harmonic_complexity":"1","dynamics":5,"BPM":"158","consonance":"7","tempo":6,"RGB":[129,250,55],"rythm":5,"mode":"7"},
      {"genre":"vocal\/folk","id":"403.mp3","melodious":7,"metrum":"5\/4","harmonic_complexity":"1","dynamics":4,"BPM":"105","consonance":"7 with imprecise pitch","tempo":4,"RGB":[112,241,154],"rythm":3,"mode":"7"},
      {"genre":"vocal\/folk","id":"404.mp3","melodious":7,"metrum":"6\/8","harmonic_complexity":"1","dynamics":3,"BPM":"59","consonance":"7 with imprecise pitch","tempo":4,"RGB":[157,244,107],"rythm":3,"mode":"7"},
      {"genre":"vocal\/folk","id":"405.mp3","melodious":1,"metrum":"undefined","harmonic_complexity":"2","dynamics":5,"BPM":"65","consonance":"6 with imprecise pitch","tempo":4,"RGB":[107,245,89],"rythm":2,"mode":"7"},
      {"genre":"vocal\/folk","id":"406.mp3","melodious":5,"metrum":"undefined","harmonic_complexity":"1","dynamics":4,"BPM":"78","consonance":"7 with imprecise pitch","tempo":3,"RGB":[114,248,77],"rythm":3,"mode":"7"},
      {"genre":"vocal\/folk","id":"407.mp3","melodious":7,"metrum":"3\/4","harmonic_complexity":"1","dynamics":4,"BPM":"97","consonance":"7 with imprecise pitch","tempo":5,"RGB":[102,245,136],"rythm":3,"mode":"7"},
      {"genre":"vocal\/folk","id":"408.mp3","melodious":7,"metrum":"3\/4 + 2\/4","harmonic_complexity":"1","dynamics":4,"BPM":"139","consonance":"7 with imprecise pitch","tempo":6,"RGB":[126,246,111],"rythm":3,"mode":"1"},
      {"genre":"vocal\/folk","id":"409.mp3","melodious":7,"metrum":"4\/4","harmonic_complexity":"1","dynamics":4,"BPM":"72","consonance":"7 with imprecise pitch","tempo":3,"RGB":[92,236,210],"rythm":3,"mode":"7"},
      {"genre":"folk\/country","id":"410.mp3","melodious":6,"metrum":"5\/4","harmonic_complexity":"1","dynamics":5,"BPM":"161","consonance":"7 with imprecise pitch","tempo":6,"RGB":[178,249,41],"rythm":5,"mode":"7"},
      {"genre":"vocal\/folk","id":"411.mp3","melodious":4,"metrum":"undefined","harmonic_complexity":"2","dynamics":5,"BPM":"102","consonance":"7 with imprecise pitch","tempo":4,"RGB":[119,234,112],"rythm":1,"mode":"6"},
      {"genre":"vocal\/folk","id":"412.mp3","melodious":5,"metrum":"mostly 3\/4","harmonic_complexity":"1","dynamics":4,"BPM":"120","consonance":"7 with imprecise pitch","tempo":2,"RGB":[128,213,117],"rythm":2,"mode":"7"},
      {"genre":"vocal\/folk","id":"413.mp3","melodious":5,"metrum":"4\/4","harmonic_complexity":"1","dynamics":4,"BPM":"140","consonance":"7 with imprecise pitch","tempo":4,"RGB":[83,232,94],"rythm":2,"mode":"7"},
      {"genre":"folk","id":"414.mp3","melodious":2,"metrum":"4\/4","harmonic_complexity":"1","dynamics":5,"BPM":"153","consonance":"7","tempo":5,"RGB":[98,247,60],"rythm":5,"mode":"7"},
      {"genre":"vocal\/folk","id":"415.mp3","melodious":3,"metrum":"4\/4 + 3\/4","harmonic_complexity":"1","dynamics":5,"BPM":"83","consonance":"7 with imprecise pitch","tempo":4,"RGB":[157,244,106],"rythm":3,"mode":"7"},
      {"genre":"vocal\/folk","id":"416.mp3","melodious":7,"metrum":"4\/4","harmonic_complexity":"1","dynamics":3,"BPM":"104","consonance":"7 with imprecise pitch","tempo":4,"RGB":[122,244,134],"rythm":4,"mode":"7"},
      {"genre":"folk","id":"417.mp3","melodious":7,"metrum":"4\/4","harmonic_complexity":"1","dynamics":3,"BPM":"176","consonance":"7","tempo":6,"RGB":[158,255,99],"rythm":6,"mode":"7"},
      {"genre":"vocal\/folk","id":"418.mp3","melodious":7,"metrum":"2\/4","harmonic_complexity":"1","dynamics":4,"BPM":"138","consonance":"7","tempo":6,"RGB":[149,238,94],"rythm":6,"mode":"7"},
      {"genre":"folk","id":"419.mp3","melodious":5,"metrum":"4\/4","harmonic_complexity":"1","dynamics":6,"BPM":"144","consonance":"6","tempo":6,"RGB":[89,253,44],"rythm":5,"mode":"7"},
      {"genre":"vocal\/folk","id":"420.mp3","melodious":3,"metrum":"4\/4","harmonic_complexity":"1","dynamics":4,"BPM":"78","consonance":"7 with imprecise pitch","tempo":4,"RGB":[130,253,212],"rythm":2,"mode":"7"},
      {"genre":"easy listening","id":"501.mp3","melodious":7,"metrum":"4\/4","harmonic_complexity":"2","dynamics":3,"BPM":"112","consonance":"6","tempo":5,"RGB":[96,248,180],"rythm":6,"mode":"7"},
      {"genre":"Hip Hop \/ Rap","id":"502.mp3","melodious":1,"metrum":"2\/4","harmonic_complexity":"1","dynamics":6,"BPM":"79","consonance":"6","tempo":2,"RGB":[151,189,89],"rythm":7,"mode":"1"},
      {"genre":"Electronic","id":"503.mp3","melodious":2,"metrum":"4\/4","harmonic_complexity":"5","dynamics":5,"BPM":"110","consonance":"6","tempo":5,"RGB":[94,210,137],"rythm":6,"mode":"2"},
      {"genre":"Metal","id":"504.mp3","melodious":2,"metrum":"4\/4","harmonic_complexity":"4","dynamics":7,"BPM":"225","consonance":"5","tempo":7,"RGB":[177,190,83],"rythm":7,"mode":"1"},
      {"genre":"Dance \/ disco","id":"505.mp3","melodious":1,"metrum":"4\/4","harmonic_complexity":"1","dynamics":6,"BPM":"122","consonance":"6","tempo":5,"RGB":[64,246,142],"rythm":7,"mode":"3"},
      {"genre":"electronic","id":"506.mp3","melodious":1,"metrum":"2\/4","harmonic_complexity":"7","dynamics":5,"BPM":"136","consonance":"1","tempo":6,"RGB":[116,222,87],"rythm":4,"mode":"4"},
      {"genre":"rock","id":"507.mp3","melodious":7,"metrum":"4\/4","harmonic_complexity":"2","dynamics":3,"BPM":"68","consonance":"7","tempo":2,"RGB":[101,240,161],"rythm":7,"mode":"7"},
      {"genre":"Dance\/disco","id":"508.mp3","melodious":1,"metrum":"4\/4","harmonic_complexity":"1","dynamics":7,"BPM":"150","consonance":"7","tempo":7,"RGB":[36,253,103],"rythm":7,"mode":"3"},
      {"genre":"easy listening","id":"509.mp3","melodious":3,"metrum":"4\/4","harmonic_complexity":"1","dynamics":3,"BPM":"108","consonance":"7","tempo":5,"RGB":[87,255,187],"rythm":6,"mode":"7"},
      {"genre":"Dance\/disco","id":"510.mp3","melodious":6,"metrum":"4\/4","harmonic_complexity":"1","dynamics":6,"BPM":"120","consonance":"6","tempo":6,"RGB":[65,253,96],"rythm":7,"mode":"7"},
      {"genre":"punk","id":"511.mp3","melodious":2,"metrum":"4\/4","harmonic_complexity":"2","dynamics":6,"BPM":"116","consonance":"7","tempo":5,"RGB":[155,213,96],"rythm":7,"mode":"1"},
      {"genre":"Hip Hop\/Rap","id":"512.mp3","melodious":1,"metrum":"4\/4","harmonic_complexity":"7","dynamics":6,"BPM":"145","consonance":"1","tempo":6,"RGB":[68,233,83],"rythm":6,"mode":"4"},
      {"genre":"pop","id":"513.mp3","melodious":6,"metrum":"4\/4","harmonic_complexity":"2","dynamics":3,"BPM":"90","consonance":"5","tempo":4,"RGB":[92,248,191],"rythm":6,"mode":"7"},
      {"genre":"punk","id":"514.mp3","melodious":5,"metrum":"4\/4","harmonic_complexity":"5","dynamics":7,"BPM":"241","consonance":"4","tempo":7,"RGB":[124,241,65],"rythm":5,"mode":"6"},
      {"genre":"Reggae","id":"515.mp3","melodious":6,"metrum":"4\/4","harmonic_complexity":"2","dynamics":4,"BPM":"73","consonance":"7","tempo":3,"RGB":[112,255,56],"rythm":7,"mode":"7"},
      {"genre":"Reggae","id":"516.mp3","melodious":2,"metrum":"4\/4","harmonic_complexity":"2","dynamics":5,"BPM":"146","consonance":"7","tempo":5,"RGB":[54,255,45],"rythm":7,"mode":"7"},
      {"genre":"Funk","id":"517.mp3","melodious":7,"metrum":"4\/4","harmonic_complexity":"4","dynamics":4,"BPM":"96","consonance":"3","tempo":4,"RGB":[81,255,126],"rythm":7,"mode":"1"},
      {"genre":"Latin","id":"518.mp3","melodious":2,"metrum":"4\/4","harmonic_complexity":"1","dynamics":5,"BPM":"130","consonance":"7","tempo":6,"RGB":[77,255,89],"rythm":6,"mode":"1"},
      {"genre":"classical","id":"519.mp3","melodious":1,"metrum":"undefined","harmonic_complexity":"2","dynamics":3,"BPM":"undefined","consonance":"7","tempo":1,"RGB":[90,242,143],"rythm":1,"mode":"7"},
      {"genre":"rock\/pop","id":"520.mp3","melodious":1,"metrum":"6\/8","harmonic_complexity":"1","dynamics":4,"BPM":"67","consonance":"7","tempo":5,"RGB":[85,242,203],"rythm":6,"mode":"1"},
      {"genre":"easy listening","id":"521.mp3","melodious":5,"metrum":"4\/4","harmonic_complexity":"3","dynamics":3,"BPM":"130","consonance":"7","tempo":6,"RGB":[94,252,148],"rythm":5,"mode":"1"},
      {"genre":"Latin \/electronic","id":"522.mp3","melodious":2,"metrum":"4\/4","harmonic_complexity":"2","dynamics":5,"BPM":"150","consonance":"2","tempo":6,"RGB":[77,244,221],"rythm":7,"mode":"3"},
      {"genre":"Pop","id":"523.mp3","melodious":6,"metrum":"4\/4","harmonic_complexity":"2","dynamics":6,"BPM":"70","consonance":"7","tempo":5,"RGB":[85,249,104],"rythm":7,"mode":"7"},
      {"genre":"easy listening","id":"524.mp3","melodious":4,"metrum":"4\/4","harmonic_complexity":"2","dynamics":3,"BPM":"100","consonance":"6","tempo":4,"RGB":[92,255,212],"rythm":5,"mode":"1"},
      {"genre":"Reggae","id":"525.mp3","melodious":6,"metrum":"4\/4","harmonic_complexity":"2","dynamics":3,"BPM":"132","consonance":"7","tempo":3,"RGB":[117,249,62],"rythm":7,"mode":"7"},
      {"genre":"Rock","id":"526.mp3","melodious":3,"metrum":"4\/4","harmonic_complexity":"3","dynamics":6,"BPM":"69","consonance":"6","tempo":3,"RGB":[66,249,125],"rythm":6,"mode":"7"},
      {"genre":"Latin","id":"527.mp3","melodious":3,"metrum":"4\/4","harmonic_complexity":"2","dynamics":3,"BPM":"125","consonance":"5","tempo":4,"RGB":[83,248,156],"rythm":6,"mode":"1"},
      {"genre":"Metal","id":"528.mp3","melodious":1,"metrum":"4\/4","harmonic_complexity":"2","dynamics":7,"BPM":"237","consonance":"7","tempo":7,"RGB":[171,175,76],"rythm":5,"mode":"1"},
      {"genre":"Classical","id":"529.mp3","melodious":7,"metrum":"4\/4","harmonic_complexity":"2","dynamics":2,"BPM":"161","consonance":"6","tempo":6,"RGB":[98,255,54],"rythm":5,"mode":"7"},
      {"genre":"Pop\/Reggae","id":"530.mp3","melodious":5,"metrum":"4\/4","harmonic_complexity":"1","dynamics":4,"BPM":"99","consonance":"7","tempo":5,"RGB":[67,253,93],"rythm":6,"mode":"1"},
      {"genre":"Rock","id":"531.mp3","melodious":6,"metrum":"4\/4","harmonic_complexity":"1","dynamics":5,"BPM":"156","consonance":"7","tempo":6,"RGB":[69,252,89],"rythm":7,"mode":"7"},
      {"genre":"Rock\/blues","id":"532.mp3","melodious":6,"metrum":"4\/4","harmonic_complexity":"2","dynamics":6,"BPM":"130","consonance":"5","tempo":5,"RGB":[156,255,45],"rythm":7,"mode":"6"},
      {"genre":"R&B \/Soul","id":"533.mp3","melodious":5,"metrum":"2\/4","harmonic_complexity":"1","dynamics":5,"BPM":"83","consonance":"7","tempo":4,"RGB":[98,245,225],"rythm":6,"mode":"1"},
      {"genre":"Metal","id":"534.mp3","melodious":7,"metrum":"4\/4","harmonic_complexity":"5","dynamics":4,"BPM":"62","consonance":"3","tempo":3,"RGB":[101,209,117],"rythm":3,"mode":"1"},
      {"genre":"Pop","id":"535.mp3","melodious":6,"metrum":"4\/4","harmonic_complexity":"2","dynamics":2,"BPM":"130","consonance":"7","tempo":5,"RGB":[94,255,238],"rythm":4,"mode":"7"},
      {"genre":"Pop\/rock","id":"536.mp3","melodious":6,"metrum":"4\/4","harmonic_complexity":"2","dynamics":6,"BPM":"120","consonance":"7","tempo":4,"RGB":[73,255,164],"rythm":5,"mode":"7"},
      {"genre":"Rock","id":"537.mp3","melodious":5,"metrum":"4\/4","harmonic_complexity":"3","dynamics":5,"BPM":"145","consonance":"5","tempo":5,"RGB":[89,251,117],"rythm":5,"mode":"6"},
      {"genre":"Country","id":"538.mp3","melodious":5,"metrum":"4\/4","harmonic_complexity":"2","dynamics":3,"BPM":"78","consonance":"7","tempo":3,"RGB":[98,253,181],"rythm":3,"mode":"7"},
      {"genre":"Country","id":"539.mp3","melodious":6,"metrum":"4\/4","harmonic_complexity":"2","dynamics":5,"BPM":"105","consonance":"7","tempo":5,"RGB":[122,253,82],"rythm":6,"mode":"7"},
      {"genre":"Metal","id":"540.mp3","melodious":4,"metrum":"4\/4","harmonic_complexity":"4","dynamics":7,"BPM":"150","consonance":"4","tempo":5,"RGB":[195,178,90],"rythm":4,"mode":"1"},
      {"genre":"Country\/pop","id":"541.mp3","melodious":5,"metrum":"4\/4","harmonic_complexity":"1","dynamics":3,"BPM":"135","consonance":"7","tempo":4,"RGB":[25,255,121],"rythm":5,"mode":"7"},
      {"genre":"Pop","id":"542.mp3","melodious":6,"metrum":"4\/4","harmonic_complexity":"2","dynamics":4,"BPM":"89","consonance":"7","tempo":3,"RGB":[96,162,254],"rythm":4,"mode":"6"},
      {"genre":"Rock","id":"543.mp3","melodious":6,"metrum":"4\/4","harmonic_complexity":"2","dynamics":5,"BPM":"124","consonance":"7","tempo":5,"RGB":[94,255,77],"rythm":6,"mode":"7"},
      {"genre":"Pop","id":"544.mp3","melodious":6,"metrum":"4\/4","harmonic_complexity":"2","dynamics":4,"BPM":"140","consonance":"6","tempo":5,"RGB":[74,169,252],"rythm":6,"mode":"2"},
      {"genre":"R&B \/Soul","id":"545.mp3","melodious":6,"metrum":"4\/4","harmonic_complexity":"2","dynamics":6,"BPM":"115","consonance":"6","tempo":4,"RGB":[79,232,197],"rythm":7,"mode":"1"},
      {"genre":"Hip Hop \/ Rap","id":"546.mp3","melodious":2,"metrum":"4\/4","harmonic_complexity":"4","dynamics":6,"BPM":"99","consonance":"3","tempo":3,"RGB":[94,231,95],"rythm":6,"mode":"1"},
      {"genre":"Classical","id":"547.mp3","melodious":6,"metrum":"4\/4","harmonic_complexity":"2","dynamics":2,"BPM":"120","consonance":"6","tempo":3,"RGB":[103,244,156],"rythm":4,"mode":"5"},
      {"genre":"Rock","id":"548.mp3","melodious":5,"metrum":"4\/4","harmonic_complexity":"2","dynamics":3,"BPM":"90","consonance":"5","tempo":3,"RGB":[89,250,255],"rythm":3,"mode":"1"},
      {"genre":"Islamic? (Latin beat)","id":"549.mp3","melodious":4,"metrum":"4\/4","harmonic_complexity":"2","dynamics":3,"BPM":"112","consonance":"5","tempo":4,"RGB":[91,255,150],"rythm":6,"mode":"1"},
      {"genre":"Pop\/Rock","id":"550.mp3","melodious":7,"metrum":"4\/4","harmonic_complexity":"3","dynamics":5,"BPM":"72","consonance":"5","tempo":3,"RGB":[107,255,253],"rythm":5,"mode":"1"},
      {"genre":"Vocal\/classical","id":"551.mp3","melodious":6,"metrum":"4\/4","harmonic_complexity":"4","dynamics":3,"BPM":"53","consonance":"6","tempo":2,"RGB":[101,234,179],"rythm":2,"mode":"1"},
      {"genre":"Electronic\/dance","id":"552.mp3","melodious":2,"metrum":"4\/4","harmonic_complexity":"2","dynamics":5,"BPM":"126","consonance":"3","tempo":5,"RGB":[130,234,74],"rythm":6,"mode":"2"},
      {"genre":"easy listening","id":"553.mp3","melodious":6,"metrum":"4\/4","harmonic_complexity":"1","dynamics":3,"BPM":"113","consonance":"7","tempo":5,"RGB":[67,255,181],"rythm":4,"mode":"4"},
      {"genre":"dance","id":"554.mp3","melodious":4,"metrum":"4\/4","harmonic_complexity":"4","dynamics":5,"BPM":"155","consonance":"7","tempo":6,"RGB":[86,200,253],"rythm":6,"mode":"2"},
      {"genre":"pop\/rock","id":"555.mp3","melodious":6,"metrum":"4\/4","harmonic_complexity":"2","dynamics":3,"BPM":"70","consonance":"6","tempo":3,"RGB":[97,243,255],"rythm":5,"mode":"7"},
      {"genre":"disco\/dance","id":"556.mp3","melodious":6,"metrum":"4\/4","harmonic_complexity":"2","dynamics":6,"BPM":"128","consonance":"7","tempo":5,"RGB":[72,247,162],"rythm":7,"mode":"7"},
      {"genre":"jazz (electro swing)","id":"557.mp3","melodious":5,"metrum":"4\/4","harmonic_complexity":"5","dynamics":5,"BPM":"94","consonance":"3","tempo":5,"RGB":[73,242,118],"rythm":5,"mode":"7"},
      {"genre":"pop\/country","id":"558.mp3","melodious":6,"metrum":"4\/4","harmonic_complexity":"2","dynamics":3,"BPM":"90","consonance":"7","tempo":6,"RGB":[82,255,141],"rythm":4,"mode":"7"},
      {"genre":"easy listening","id":"559.mp3","melodious":7,"metrum":"4\/4","harmonic_complexity":"2","dynamics":4,"BPM":"105","consonance":"6","tempo":6,"RGB":[75,255,196],"rythm":4,"mode":"7"},
      {"genre":"Rock","id":"560.mp3","melodious":6,"metrum":"4\/4","harmonic_complexity":"2","dynamics":6,"BPM":"120","consonance":"6","tempo":6,"RGB":[68,249,75],"rythm":6,"mode":"7"},
      {"genre":"Pop","id":"561.mp3","melodious":6,"metrum":"4\/4","harmonic_complexity":"2","dynamics":6,"BPM":"139","consonance":"6","tempo":4,"RGB":[65,255,114],"rythm":6,"mode":"7"},
      {"genre":"Rock","id":"562.mp3","melodious":5,"metrum":"4\/4","harmonic_complexity":"2","dynamics":7,"BPM":"122","consonance":"6","tempo":5,"RGB":[146,241,87],"rythm":5,"mode":"1"},
      {"genre":"Rock","id":"563.mp3","melodious":6,"metrum":"4\/4","harmonic_complexity":"3","dynamics":4,"BPM":"88","consonance":"6","tempo":4,"RGB":[98,241,148],"rythm":7,"mode":"3"},
      {"genre":"Rock\/Punk","id":"564.mp3","melodious":6,"metrum":"4\/4","harmonic_complexity":"2","dynamics":7,"BPM":"181","consonance":"6","tempo":6,"RGB":[119,243,57],"rythm":6,"mode":"2"},
      {"genre":"Pop","id":"565.mp3","melodious":6,"metrum":"4\/4","harmonic_complexity":"2","dynamics":3,"BPM":"102","consonance":"7","tempo":5,"RGB":[87,255,184],"rythm":5,"mode":"1"},
      {"genre":"Rock","id":"566.mp3","melodious":7,"metrum":"4\/4","harmonic_complexity":"2","dynamics":6,"BPM":"110","consonance":"7","tempo":5,"RGB":[60,255,140],"rythm":6,"mode":"1"},
      {"genre":"Electronic \/ dance","id":"567.mp3","melodious":3,"metrum":"4\/4","harmonic_complexity":"2","dynamics":6,"BPM":"111","consonance":"3","tempo":3,"RGB":[118,219,82],"rythm":3,"mode":"1"},
      {"genre":"Dance","id":"568.mp3","melodious":4,"metrum":"4\/4","harmonic_complexity":"2","dynamics":6,"BPM":"128","consonance":"5","tempo":4,"RGB":[171,240,61],"rythm":2,"mode":"1"},
      {"genre":"R&B ","id":"569.mp3","melodious":5,"metrum":"4\/4","harmonic_complexity":"1","dynamics":3,"BPM":"66","consonance":"5","tempo":2,"RGB":[74,245,226],"rythm":4,"mode":"1"},
      {"genre":"Dance","id":"570.mp3","melodious":6,"metrum":"4\/4","harmonic_complexity":"2","dynamics":4,"BPM":"125","consonance":"6","tempo":5,"RGB":[68,209,246],"rythm":4,"mode":"1"},
      {"genre":"Electronic \/ orchestral","id":"571.mp3","melodious":6,"metrum":"4\/4","harmonic_complexity":"3","dynamics":5,"BPM":"120","consonance":"6","tempo":4,"RGB":[83,253,100],"rythm":6,"mode":"1"},
      {"genre":"Electronic \/ orchestral","id":"572.mp3","melodious":6,"metrum":"4\/4","harmonic_complexity":"5","dynamics":5,"BPM":"76","consonance":"4","tempo":3,"RGB":[81,247,112],"rythm":3,"mode":"6"},
      {"genre":"Classical","id":"573.mp3","melodious":7,"metrum":"4\/4","harmonic_complexity":"2","dynamics":2,"BPM":"100","consonance":"7","tempo":5,"RGB":[75,255,217],"rythm":4,"mode":"7"},
      {"genre":"R&B","id":"574.mp3","melodious":7,"metrum":"4\/4","harmonic_complexity":"2","dynamics":4,"BPM":"119","consonance":"6","tempo":3,"RGB":[77,255,255],"rythm":6,"mode":"1"},
      {"genre":"Pop","id":"575.mp3","melodious":6,"metrum":"4\/4","harmonic_complexity":"3","dynamics":4,"BPM":"89","consonance":"7","tempo":4,"RGB":[84,255,148],"rythm":5,"mode":"6"},
      {"genre":"Dance\/ Disco","id":"576.mp3","melodious":5,"metrum":"4\/4","harmonic_complexity":"2","dynamics":6,"BPM":"123","consonance":"6","tempo":4,"RGB":[67,251,147],"rythm":6,"mode":"1"},
      {"genre":"Country","id":"577.mp3","melodious":6,"metrum":"4\/4","harmonic_complexity":"2","dynamics":3,"BPM":"101","consonance":"7","tempo":4,"RGB":[54,255,103],"rythm":6,"mode":"7"},
      {"genre":"classical","id":"578.mp3","melodious":4,"metrum":"4\/4","harmonic_complexity":"3","dynamics":5,"BPM":"136","consonance":"5","tempo":5,"RGB":[90,255,41],"rythm":6,"mode":"1"},
      {"genre":"dance","id":"579.mp3","melodious":6,"metrum":"4\/4","harmonic_complexity":"2","dynamics":6,"BPM":"129","consonance":"6","tempo":5,"RGB":[82,255,168],"rythm":7,"mode":"1"},
      {"genre":"R&B\/Alternative","id":"580.mp3","melodious":3,"metrum":"4\/4","harmonic_complexity":"5","dynamics":3,"BPM":"74","consonance":"4","tempo":3,"RGB":[81,243,255],"rythm":4,"mode":"2"},
      {"genre":"Classical \/ contemporary","id":"601.mp3","melodious":7,"metrum":"undefined","harmonic_complexity":"7","dynamics":5,"BPM":"133","consonance":"2","tempo":6,"RGB":[75,245,97],"rythm":6,"mode":"4"},
      {"genre":"Classical \/ contemporary","id":"602.mp3","melodious":7,"metrum":"3\/4","harmonic_complexity":"7","dynamics":3,"BPM":"65","consonance":"1","tempo":2,"RGB":[101,219,115],"rythm":3,"mode":"4"},
      {"genre":"abstract \/ electronic \/ contemporary","id":"603.mp3","melodious":1,"metrum":"undefined","harmonic_complexity":"7","dynamics":4,"BPM":"undefined","consonance":"1","tempo":4,"RGB":[87,245,208],"rythm":2,"mode":"atonal"},
      {"genre":"abstract \/ electronic \/ contemporary","id":"604.mp3","melodious":1,"metrum":"4\/4","harmonic_complexity":"1","dynamics":3,"BPM":"168","consonance":"2","tempo":6,"RGB":[98,251,154],"rythm":7,"mode":"2"},
      {"genre":"abstract \/ electronic \/ contemporary","id":"605.mp3","melodious":5,"metrum":"undefined, mostly ternar","harmonic_complexity":"7","dynamics":4,"BPM":"undefined","consonance":"2","tempo":3,"RGB":[82,236,88],"rythm":1,"mode":"atonal"},
      {"genre":"abstract \/ electronic \/ contemporary","id":"606.mp3","melodious":1,"metrum":"7\/4","harmonic_complexity":"no harmony","dynamics":1,"BPM":"85","consonance":"1","tempo":4,"RGB":[172,195,110],"rythm":1,"mode":"atonal"},
      {"genre":"abstract \/ electronic \/ contemporary","id":"607.mp3","melodious":1,"metrum":"4\/4","harmonic_complexity":"1","dynamics":4,"BPM":"129","consonance":"4","tempo":7,"RGB":[159,165,89],"rythm":7,"mode":"3"},
      {"genre":"abstract \/ electronic \/ contemporary","id":"608.mp3","melodious":7,"metrum":"2 * 4\/4 + 2\/4 + 3 + 4\/4 + 3\/4 +2 * 4\/4","harmonic_complexity":"1","dynamics":3,"BPM":"127","consonance":"7","tempo":4,"RGB":[104,245,125],"rythm":7,"mode":"atonal"},
      {"genre":"abstract \/ electronic \/ contemporary","id":"609.mp3","melodious":1,"metrum":"undefined","harmonic_complexity":"no harmony","dynamics":3,"BPM":"90","consonance":"1","tempo":4,"RGB":[161,181,117],"rythm":1,"mode":"atonal"},
      {"genre":"abstract \/ electronic \/ contemporary","id":"610.mp3","melodious":2,"metrum":"5\/4","harmonic_complexity":"7","dynamics":4,"BPM":"119","consonance":"1","tempo":4,"RGB":[103,228,180],"rythm":1,"mode":"3"},
      {"genre":"Classical \/ contemporary","id":"611.mp3","melodious":7,"metrum":"undefined","harmonic_complexity":"7","dynamics":5,"BPM":"90","consonance":"2","tempo":6,"RGB":[117,222,92],"rythm":6,"mode":"atonal"},
      {"genre":"Classical \/ contemporary","id":"612.mp3","melodious":6,"metrum":"3\/4","harmonic_complexity":"7","dynamics":2,"BPM":"85","consonance":"1","tempo":4,"RGB":[117,226,111],"rythm":5,"mode":"atonal"},
      {"genre":"abstract \/ electronic \/ contemporary","id":"613.mp3","melodious":1,"metrum":"undefined","harmonic_complexity":"no harmony","dynamics":5,"BPM":"undefined","consonance":"1","tempo":4,"RGB":[167,158,105],"rythm":1,"mode":"4"},
      {"genre":"Classical \/ contemporary \/vocal","id":"614.mp3","melodious":7,"metrum":"undefined","harmonic_complexity":"7","dynamics":3,"BPM":"120","consonance":"1","tempo":4,"RGB":[109,224,121],"rythm":3,"mode":"atonal"},
      {"genre":"abstract \/ contemporary","id":"615.mp3","melodious":1,"metrum":"undefined","harmonic_complexity":"no harmony","dynamics":4,"BPM":"undefined","consonance":"1","tempo":4,"RGB":[112,105,91],"rythm":1,"mode":"atonal"},
      {"genre":"Classical \/ contemporary","id":"616.mp3","melodious":1,"metrum":"undefined","harmonic_complexity":"7","dynamics":4,"BPM":"undefined","consonance":"1","tempo":4,"RGB":[141,169,95],"rythm":1,"mode":"atonal"},
      {"genre":"Classical \/ contemporary","id":"617.mp3","melodious":3,"metrum":"4\/4","harmonic_complexity":"7","dynamics":3,"BPM":"145","consonance":"1","tempo":5,"RGB":[115,225,91],"rythm":4,"mode":"7"},
      {"genre":"abstract \/ electronic \/ contemporary","id":"618.mp3","melodious":1,"metrum":"undefined","harmonic_complexity":"no harmony","dynamics":5,"BPM":"undefined","consonance":"1","tempo":4,"RGB":[134,149,108],"rythm":1,"mode":"atonal"},
      {"genre":"abstract \/ contemporary","id":"619.mp3","melodious":1,"metrum":"undefined","harmonic_complexity":"no harmony","dynamics":5,"BPM":"undefined","consonance":"1","tempo":4,"RGB":[147,222,120],"rythm":1,"mode":"atonal"},
      {"genre":"abstract \/ contemporary","id":"620.mp3","melodious":2,"metrum":"undefined","harmonic_complexity":"4","dynamics":3,"BPM":"123","consonance":"1","tempo":4,"RGB":[100,244,168],"rythm":1,"mode":"atonal"}
]
